target,MAE_mean,RMSE_mean,R2_mean
sector_time_sec,0.06459975487717234,0.13678301964534978,0.9972905969181776
delta_time_sec,0.0547607561248815,0.08007689089738632,0.9146991046620062
