target,MAE_mean,RMSE_mean,R2_mean
sector_time_sec,0.20357943826483527,0.6250649622812656,0.9525733672470988
delta_time_sec,0.061077965526395196,0.0849445615243158,0.593987998193373
